"region","Mean_Catastrophic_Cases","Lower_CI_Catastrophic_Cases","Upper_CI_Catastrophic_Cases"
"Eastern Africa",120047.17933666,53.6085835944239,748368.822819826
"Middle Africa",640532.752303601,0.194095477749909,6617077.84728505
"Southern Africa",0.010454666831967,0,0.0501064266929382
"Western Africa",631157.840177465,132.352319249203,9999775.12050559
