"scenario","Sum_Catastrophic_Cases","Lower_CI_Catastrophic_Cases","Upper_CI_Catastrophic_Cases"
"VE1",2558246.66779437,709115.842856505,3164243.72010027
"VE2",3406651.4717334,1418231.68571301,4005045.54858177
"VE3",4201119.21111117,709115.842856505,7928195.07727208
