"region","Mean_Cost_DALYs_Disc","Lower_CI_Cost_DALYs_Disc","Upper_CI_Cost_DALYs_Disc"
"Eastern Africa",20246080.3599942,15197.0472976462,114857906.045454
"Middle Africa",23689911.7550128,6379.21573906612,203155602.88018
"Southern Africa",221745.935785348,213.866622056243,1806832.1933991
"Western Africa",34650362.3056073,228967.421496048,230494116.241102
