"region","Mean_Cost_VSL","Lower_CI_Cost_VSL","Upper_CI_Cost_VSL"
"Eastern Africa",272921517.619602,390662.049812738,1550579818.37485
"Middle Africa",591071331.773651,21891.6077157744,4474361349.9315
"Southern Africa",2042911.93452493,7015.70977308743,10084170.1787567
"Western Africa",1488475334.86073,5433882.33685406,20635872785.9716
