"scenario","Sum_Cost_VSL","Lower_CI_Cost_VSL","Upper_CI_Cost_VSL"
"VE1",4993148065.49093,1615127945.72815,6057455198.36252
"VE2",6690908085.20919,3230255891.4563,7638738865.68178
"VE3",7980424866.41806,1615127945.72815,13736665604.0053
