"scenario","Sum_Cost_DALYs_Disc","Lower_CI_Cost_DALYs_Disc","Upper_CI_Cost_DALYs_Disc"
"VE1",184326912.221748,24369866.675082,396384999.338632
"VE2",248745081.933455,48739733.3501639,501989450.442767
"VE3",286417596.143581,24369866.675082,744908585.489266
