"Sum_DALYs","Lower_CI_DALYs","Upper_CI_DALYs"
4384011.03879008,315789.374664776,12460331.1366154
