"region","Mean_DALYs","Lower_CI_DALYs","Upper_CI_DALYs"
"Eastern Africa",81841.7959480211,26.2786548578687,482587.748618688
"Middle Africa",105610.416156481,8.36577576985592,948766.856434647
"Southern Africa",63.4059236261871,0.094985307146314,532.974879340796
"Western Africa",152498.568427664,1363.89575900527,1076128.27498204
