"scenario","Sum_DALYs_Averted","Lower_CI_DALYs_Averted","Upper_CI_DALYs_Averted"
"VE1",761109.10046929,87394.82156148,1580140.68493459
"VE2",1020096.02805884,174789.64312296,1994319.56472684
"VE3",1212137.93220242,87394.82156148,3437445.08603089
