"scenario","Sum_Impoverished_Cases","Lower_CI_Impoverished_Cases","Upper_CI_Impoverished_Cases"
"VE1",474998.856489003,132227.775424875,584799.053994017
"VE2",632341.620657205,264455.55084975,739893.571551587
"VE3",782797.305075987,132227.775424875,1476654.98479601
