"region","Mean_Resistant_OOP","Lower_CI_Resistant_OOP","Upper_CI_Resistant_OOP"
"Eastern Africa",42212.2500751912,0,417577.003216305
"Middle Africa",88409.4250009429,0,771859.51047357
"Southern Africa",8.93601522108747,0.00217895898863066,67.3974660214718
"Western Africa",551274.443366013,0,8746052.04655851
