"scenario","Sum_Resistant_OOP","Lower_CI_Resistant_OOP","Upper_CI_Resistant_OOP"
"VE1",1434544.28510977,224724.911067628,3040875.66542861
"VE2",1922555.58023559,373553.560498003,3884112.19687315
"VE3",2300977.84872399,238099.882224405,5962325.91185929
