"region","Mean_Societal_Cost","Lower_CI_Societal_Cost","Upper_CI_Societal_Cost"
"Eastern Africa",136582834.17332,80665.1764872019,556653923.943638
"Middle Africa",364400696.160373,45958.6581036581,2499487477.47922
"Southern Africa",685186.519467827,1129.84270799357,3964937.57780462
"Western Africa",446285563.388599,3759548.36322728,5371593176.62867
