"scenario","Sum_Societal_Cost","Lower_CI_Societal_Cost","Upper_CI_Societal_Cost"
"VE1",1906503942.6529,557364952.311701,2823161045.1672
"VE2",2555325576.42199,1114424229.75772,3577806550.04937
"VE3",3044625787.16424,557374783.575341,5894713538.99456
