"region","Mean_YLL_Lost","Lower_CI_YLL_Lost","Upper_CI_YLL_Lost"
"Eastern Africa",80860.4217326065,25.3263505743495,479016.53631227
"Middle Africa",104247.823118956,8.1246632478421,941813.37397433
"Southern Africa",62.6496410335084,0.0908273087775012,529.00480803616
"Western Africa",150617.385436661,1343.12467837506,1068437.51778088
