"Sum_YLL_Lost","Lower_CI_YLL_Lost","Upper_CI_YLL_Lost"
4329787.69244113,306642.368611892,12360179.1625614
