"scenario","Sum_YLL_Lost","Lower_CI_YLL_Lost","Upper_CI_YLL_Lost"
"VE1",752041.62165767,84886.4219797364,1569585.71841413
"VE2",1008022.94959762,169772.843959473,1981020.33399046
"VE3",1197339.09069523,84886.4219797364,3410204.26435078
